domain	key	type	value
com.apple.dock	autohide	boolean	0
com.apple.dock	tilesize	integer	128
com.apple.dock	orientation	string	bottom
com.apple.dock	show-recents	boolean	0
com.apple.dock	magnification	boolean	0
com.apple.dock	largesize	float	16
com.apple.dock	mru-spaces	boolean	0
com.apple.dock	minimize-to-application	boolean	1
com.apple.dock	wvous-br-corner	integer	14
com.apple.dock	wvous-br-corner-modifier	integer	0
com.apple.finder	ShowStatusBar	boolean	1
com.apple.finder	FXPreferredViewStyle	string	Nlsv
com.apple.finder	FXDefaultSearchScope	string	SCev
com.apple.finder	_FXSortFoldersFirst	boolean	1
com.apple.finder	NewWindowTarget	string	PfHm
com.apple.finder	FXRemoveOldTrashItems	boolean	1
NSGlobalDomain	AppleShowAllExtensions	boolean	1
NSGlobalDomain	AppleLocale	string	en_GB
NSGlobalDomain	AppleKeyboardUIMode	integer	0
NSGlobalDomain	NSAutomaticCapitalizationEnabled	boolean	1
NSGlobalDomain	NSAutomaticPeriodSubstitutionEnabled	boolean	1
com.apple.AppleMultitouchTrackpad	Clicking	boolean	0
com.apple.AppleMultitouchTrackpad	TrackpadRightClick	boolean	1
com.apple.AppleMultitouchTrackpad	TrackpadThreeFingerDrag	boolean	0
com.apple.screencapture	location	string	~/Pictures/Screenshots
com.apple.menuextra.clock	ShowSeconds	boolean	0
com.apple.menuextra.clock	ShowDate	integer	0
com.apple.menuextra.clock	ShowDayOfWeek	boolean	1
com.apple.menuextra.clock	ShowAMPM	boolean	1
com.apple.menuextra.clock	IsAnalog	boolean	0
com.apple.menuextra.clock	FlashDateSeparators	boolean	0
com.apple.universalaccess	increaseContrast	boolean	0
com.apple.universalaccess	reduceTransparency	boolean	0
com.apple.universalaccess	mouseDriverCursorSize	float	2
com.apple.universalaccess	closeViewHotkeysEnabled	boolean	0
